{"realtime_end": "2019-10-12", "realtime_start": "2019-10-12", "seriess": [{"units_short": "Persons", "popularity": 3, "last_updated": "2018-12-07 08:51:07-06", "notes": "Multiyear estimates from the American Community Survey (ACS) are \"period\" estimates derived from a data sample collected over a period of time, as opposed to \"point-in-time\" estimates such as those from past decennial censuses. ACS 5-year estimate includes data collected over a 60-month period. The date of the data is the end of the 5-year period. For example, a value dated 2014 represents data from 2010 to 2014. However, they  do  not  describe  any  specific day, month, or year within that time period.\n\nMultiyear  estimates  require  some  considerations  that  single-year  estimates  do  not.  For  example,  multiyear  estimates released in consecutive years consist mostly of overlapping years and shared data. The 2010\u20132014 ACS 5-year estimates share sample data from 2011 through 2014 with the 2011\u20132015 ACS 5-year estimates. Because of this overlap, users should use extreme caution in making comparisons with consecutive years of multiyear estimates.\n\nPlease see \"Section 3: Understanding and Using ACS Single-Year and Multiyear Estimates\" on publication page 13 (file page 19) of the 2018 ACS General Handbook for a more thorough clarification. https://www.census.gov/content/dam/Census/library/publications/2018/acs/acs_general_handbook_2018.pdf", "observation_start": "2009-01-01", "units": "Persons", "seasonal_adjustment_short": "NSA", "id": "B03002004E021041", "realtime_start": "2019-10-12", "observation_end": "2017-01-01", "title": "Population Estimate of Non-Hispanic Black or African-American Persons in Carroll County, KY", "frequency": "Annual", "realtime_end": "2019-10-12", "seasonal_adjustment": "Not Seasonally Adjusted", "frequency_short": "A"}]}